delivery_id,order_id,actual_delivery_date,carrier,delivery_status
DEL-00001,ORD-00135,4/12/2024,Ninja Van,On Time
DEL-00002,ORD-00776,2/4/2024,LBC Express,Partial
DEL-00003,ORD-00490,3/18/2024,2GO Freight,Failed
DEL-00004,ORD-00007,3/19/2024,QuadX,Late
DEL-00005,ORD-00279,4/12/2024,QuadX,Failed
DEL-00006,ORD-00370,1/31/2024,J&T Express,On Time
DEL-00007,ORD-00133,3/2/2024,QuadX,Failed
DEL-00008,ORD-00241,1/18/2024,Grab Express,Late
DEL-00009,ORD-00865,3/20/2024,2GO Freight,On Time
DEL-00010,ORD-00527,2/24/2024,Grab Express,On Time
DEL-00011,ORD-00540,1/22/2024,Flash Express,Late
DEL-00012,ORD-00572,2/8/2024,LBC Express,Late
DEL-00013,ORD-00878,3/4/2024,2GO Freight,On Time
DEL-00014,ORD-00786,2/1/2024,Ninja Van,Partial
DEL-00015,ORD-00357,2/13/2024,Grab Express,On Time
DEL-00016,ORD-00412,1/29/2024,2GO Freight,Late
DEL-00017,ORD-00167,3/15/2024,J&T Express,Late
DEL-00018,ORD-00912,2/29/2024,LBC Express,On Time
DEL-00019,ORD-00141,4/3/2024,2GO Freight,On Time
DEL-00020,ORD-00339,2/27/2024,Ninja Van,On Time
DEL-00021,ORD-00571,1/30/2024,QuadX,On Time
DEL-00022,ORD-00829,3/8/2024,QuadX,Partial
DEL-00023,ORD-00929,3/12/2024,Ninja Van,On Time
DEL-00024,ORD-00795,1/14/2024,Grab Express,On Time
DEL-00025,ORD-00439,1/23/2024,LBC Express,Failed
DEL-00026,ORD-00427,3/27/2024,2GO Freight,On Time
DEL-00027,ORD-00060,3/12/2024,J&T Express,On Time
DEL-00028,ORD-00333,2/19/2024,QuadX,On Time
DEL-00029,ORD-00885,1/17/2024,J&T Express,Late
DEL-00030,ORD-00792,1/5/2024,2GO Freight,Failed
DEL-00031,ORD-00598,3/8/2024,LBC Express,Partial
DEL-00032,ORD-00519,1/12/2024,Grab Express,On Time
DEL-00033,ORD-00426,2/10/2024,Ninja Van,On Time
DEL-00034,ORD-00812,4/9/2024,J&T Express,Late
DEL-00035,ORD-00773,2/17/2024,Flash Express,Late
DEL-00036,ORD-00461,2/28/2024,Direct Delivery,Late
DEL-00037,ORD-00552,1/4/2024,Ninja Van,On Time
DEL-00038,ORD-00453,1/6/2024,2GO Freight,Late
DEL-00039,ORD-00287,1/8/2024,Grab Express,Late
DEL-00040,ORD-00306,2/12/2024,QuadX,Failed
DEL-00041,ORD-00884,1/14/2024,Ninja Van,Partial
DEL-00042,ORD-00172,1/27/2024,Grab Express,Late
DEL-00043,ORD-00142,1/13/2024,2GO Freight,Late
DEL-00044,ORD-00505,2/23/2024,J&T Express,Partial
DEL-00045,ORD-00724,3/25/2024,J&T Express,On Time
DEL-00046,ORD-00346,3/8/2024,QuadX,Failed
DEL-00047,ORD-00523,3/18/2024,2GO Freight,Partial
DEL-00048,ORD-00905,1/24/2024,Grab Express,Late
DEL-00049,ORD-00759,3/7/2024,Ninja Van,Late
DEL-00050,ORD-00686,4/4/2024,Grab Express,Late
DEL-00051,ORD-00933,3/28/2024,QuadX,Failed
DEL-00052,ORD-00555,3/24/2024,LBC Express,On Time
DEL-00053,ORD-00648,1/8/2024,Direct Delivery,On Time
DEL-00054,ORD-00348,4/3/2024,J&T Express,On Time
DEL-00055,ORD-00751,1/14/2024,Grab Express,On Time
DEL-00056,ORD-00603,2/17/2024,Grab Express,On Time
DEL-00057,ORD-00433,3/6/2024,Flash Express,On Time
DEL-00058,ORD-00373,3/5/2024,2GO Freight,Failed
DEL-00059,ORD-00816,3/31/2024,Flash Express,On Time
DEL-00060,ORD-00888,4/4/2024,Grab Express,On Time
DEL-00061,ORD-00325,1/16/2024,QuadX,Late
DEL-00062,ORD-00807,3/27/2024,Grab Express,On Time
DEL-00063,ORD-00730,2/9/2024,LBC Express,Late
DEL-00064,ORD-00862,2/25/2024,2GO Freight,Partial
DEL-00065,ORD-00629,3/21/2024,Grab Express,Late
DEL-00066,ORD-00295,3/12/2024,Flash Express,Failed
DEL-00067,ORD-00183,2/5/2024,Grab Express,On Time
DEL-00068,ORD-00515,2/6/2024,QuadX,Late
DEL-00069,ORD-00132,2/11/2024,Ninja Van,On Time
DEL-00070,ORD-00312,2/28/2024,LBC Express,On Time
DEL-00071,ORD-00630,3/14/2024,Direct Delivery,On Time
DEL-00072,ORD-00122,2/21/2024,Ninja Van,On Time
DEL-00073,ORD-00085,2/17/2024,Flash Express,Partial
DEL-00074,ORD-00832,3/23/2024,Grab Express,On Time
DEL-00075,ORD-00710,3/12/2024,Ninja Van,On Time
DEL-00076,ORD-00926,3/7/2024,Flash Express,On Time
DEL-00077,ORD-00341,3/11/2024,Grab Express,Late
DEL-00078,ORD-00027,4/1/2024,Flash Express,Late
DEL-00079,ORD-00140,1/8/2024,Grab Express,On Time
DEL-00080,ORD-00947,2/5/2024,Grab Express,Late
DEL-00081,ORD-00041,1/22/2024,QuadX,Late
DEL-00082,ORD-00044,3/16/2024,J&T Express,Late
DEL-00083,ORD-00160,1/5/2024,J&T Express,On Time
DEL-00084,ORD-00821,2/10/2024,J&T Express,On Time
DEL-00085,ORD-00315,1/17/2024,Flash Express,On Time
DEL-00086,ORD-00382,3/27/2024,Ninja Van,Partial
DEL-00087,ORD-00655,1/29/2024,Grab Express,On Time
DEL-00088,ORD-00236,2/1/2024,Flash Express,Late
DEL-00089,ORD-00601,4/4/2024,Grab Express,On Time
DEL-00090,ORD-00663,2/15/2024,Ninja Van,On Time
DEL-00091,ORD-00238,1/8/2024,2GO Freight,On Time
DEL-00092,ORD-00075,3/14/2024,J&T Express,Late
DEL-00093,ORD-00243,2/14/2024,LBC Express,On Time
DEL-00094,ORD-00950,2/18/2024,2GO Freight,Partial
DEL-00095,ORD-00659,2/10/2024,QuadX,On Time
DEL-00096,ORD-00846,2/5/2024,J&T Express,Late
DEL-00097,ORD-00847,1/15/2024,Grab Express,On Time
DEL-00098,ORD-00119,3/26/2024,LBC Express,Partial
DEL-00099,ORD-00819,1/27/2024,2GO Freight,On Time
DEL-00100,ORD-00334,1/6/2024,Grab Express,Late
DEL-00101,ORD-00890,1/11/2024,QuadX,Partial
DEL-00102,ORD-00071,4/6/2024,QuadX,Failed
DEL-00103,ORD-00214,1/11/2024,Ninja Van,Failed
DEL-00104,ORD-00006,2/5/2024,LBC Express,Late
DEL-00105,ORD-00332,3/12/2024,LBC Express,Partial
DEL-00106,ORD-00349,2/23/2024,QuadX,Partial
DEL-00107,ORD-00493,3/13/2024,Ninja Van,On Time
DEL-00108,ORD-00035,2/6/2024,J&T Express,Late
DEL-00109,ORD-00535,2/6/2024,Grab Express,Late
DEL-00110,ORD-00209,1/16/2024,Flash Express,Partial
DEL-00111,ORD-00649,2/13/2024,Ninja Van,Late
DEL-00112,ORD-00840,3/23/2024,Grab Express,On Time
DEL-00113,ORD-00436,3/12/2024,Grab Express,Late
DEL-00114,ORD-00569,3/27/2024,Flash Express,Failed
DEL-00115,ORD-00756,3/17/2024,Grab Express,Failed
DEL-00116,ORD-00187,3/22/2024,QuadX,On Time
DEL-00117,ORD-00699,3/7/2024,Grab Express,Late
DEL-00118,ORD-00103,2/11/2024,J&T Express,On Time
DEL-00119,ORD-00291,2/15/2024,2GO Freight,On Time
DEL-00120,ORD-00311,3/27/2024,LBC Express,On Time
DEL-00121,ORD-00292,1/18/2024,Ninja Van,Failed
DEL-00122,ORD-00533,3/19/2024,Ninja Van,On Time
DEL-00123,ORD-00538,3/30/2024,QuadX,On Time
DEL-00124,ORD-00632,2/3/2024,Grab Express,Failed
DEL-00125,ORD-00393,1/8/2024,Direct Delivery,On Time
DEL-00126,ORD-00396,1/12/2024,QuadX,On Time
DEL-00127,ORD-00887,2/26/2024,LBC Express,On Time
DEL-00128,ORD-00635,3/19/2024,Grab Express,On Time
DEL-00129,ORD-00734,2/25/2024,Direct Delivery,On Time
DEL-00130,ORD-00503,2/24/2024,Ninja Van,On Time
DEL-00131,ORD-00148,3/8/2024,2GO Freight,On Time
DEL-00132,ORD-00512,2/19/2024,LBC Express,Late
DEL-00133,ORD-00707,3/5/2024,LBC Express,On Time
DEL-00134,ORD-00228,1/6/2024,2GO Freight,Partial
DEL-00135,ORD-00434,1/20/2024,2GO Freight,Late
DEL-00136,ORD-00460,3/17/2024,2GO Freight,On Time
DEL-00137,ORD-00653,1/9/2024,2GO Freight,Late
DEL-00138,ORD-00808,2/20/2024,2GO Freight,Partial
DEL-00139,ORD-00452,4/6/2024,Grab Express,Late
DEL-00140,ORD-00737,3/6/2024,Grab Express,On Time
DEL-00141,ORD-00300,2/13/2024,Grab Express,On Time
DEL-00142,ORD-00856,1/23/2024,LBC Express,Partial
DEL-00143,ORD-00424,2/11/2024,Direct Delivery,Late
DEL-00144,ORD-00154,2/18/2024,QuadX,Partial
DEL-00145,ORD-00765,2/28/2024,Direct Delivery,Late
DEL-00146,ORD-00871,1/6/2024,QuadX,Partial
DEL-00147,ORD-00944,2/11/2024,Direct Delivery,On Time
DEL-00148,ORD-00376,1/27/2024,LBC Express,Late
DEL-00149,ORD-00528,1/19/2024,Flash Express,Partial
DEL-00150,ORD-00757,4/12/2024,Direct Delivery,On Time
DEL-00151,ORD-00721,2/23/2024,Grab Express,Partial
DEL-00152,ORD-00909,1/19/2024,Ninja Van,Partial
DEL-00153,ORD-00378,2/25/2024,Direct Delivery,Failed
DEL-00154,ORD-00922,2/9/2024,LBC Express,On Time
DEL-00155,ORD-00215,2/22/2024,Direct Delivery,Late
DEL-00156,ORD-00072,3/20/2024,Direct Delivery,On Time
DEL-00157,ORD-00539,1/9/2024,LBC Express,Failed
DEL-00158,ORD-00224,3/29/2024,Grab Express,On Time
DEL-00159,ORD-00178,1/26/2024,J&T Express,On Time
DEL-00160,ORD-00725,1/22/2024,2GO Freight,On Time
DEL-00161,ORD-00557,4/9/2024,QuadX,Late
DEL-00162,ORD-00109,3/4/2024,QuadX,On Time
DEL-00163,ORD-00755,2/23/2024,Ninja Van,Partial
DEL-00164,ORD-00137,2/12/2024,J&T Express,Late
DEL-00165,ORD-00195,1/6/2024,J&T Express,On Time
DEL-00166,ORD-00065,1/25/2024,2GO Freight,Failed
DEL-00167,ORD-00130,1/15/2024,J&T Express,On Time
DEL-00168,ORD-00205,3/7/2024,2GO Freight,Late
DEL-00169,ORD-00622,3/9/2024,Grab Express,On Time
DEL-00170,ORD-00147,1/3/2024,LBC Express,On Time
DEL-00171,ORD-00661,3/3/2024,Grab Express,Late
DEL-00172,ORD-00008,4/3/2024,QuadX,Late
DEL-00173,ORD-00642,1/19/2024,Flash Express,Partial
DEL-00174,ORD-00313,1/13/2024,Ninja Van,Late
DEL-00175,ORD-00640,3/19/2024,Direct Delivery,Late
DEL-00176,ORD-00095,4/12/2024,LBC Express,Partial
DEL-00177,ORD-00061,2/6/2024,QuadX,On Time
DEL-00178,ORD-00387,4/3/2024,Grab Express,Partial
DEL-00179,ORD-00801,2/5/2024,Ninja Van,Failed
DEL-00180,ORD-00009,2/26/2024,J&T Express,On Time
DEL-00181,ORD-00093,4/5/2024,J&T Express,On Time
DEL-00182,ORD-00928,1/9/2024,Flash Express,Late
DEL-00183,ORD-00251,2/4/2024,Flash Express,Failed
DEL-00184,ORD-00918,4/9/2024,QuadX,On Time
DEL-00185,ORD-00269,2/1/2024,Grab Express,On Time
DEL-00186,ORD-00502,4/1/2024,Grab Express,Partial
DEL-00187,ORD-00164,4/8/2024,LBC Express,Late
DEL-00188,ORD-00841,3/13/2024,Direct Delivery,Partial
DEL-00189,ORD-00735,3/24/2024,Ninja Van,On Time
DEL-00190,ORD-00567,2/5/2024,Ninja Van,On Time
DEL-00191,ORD-00475,1/19/2024,J&T Express,Failed
DEL-00192,ORD-00354,3/14/2024,Flash Express,Late
DEL-00193,ORD-00025,2/13/2024,2GO Freight,On Time
DEL-00194,ORD-00546,4/8/2024,2GO Freight,On Time
DEL-00195,ORD-00170,1/7/2024,Grab Express,On Time
DEL-00196,ORD-00483,2/11/2024,Direct Delivery,On Time
DEL-00197,ORD-00414,3/26/2024,QuadX,On Time
DEL-00198,ORD-00532,4/6/2024,Ninja Van,Partial
DEL-00199,ORD-00906,1/28/2024,J&T Express,On Time
DEL-00200,ORD-00090,1/20/2024,Flash Express,On Time
,DEL-00201,ORD-00682,4/3/2024,QuadX
,DEL-00202,ORD-00467,4/10/2024,QuadX
,DEL-00203,ORD-00182,3/22/2024,J&T Express
,DEL-00204,ORD-00186,2/28/2024,Grab Express
,DEL-00205,ORD-00359,1/29/2024,Flash Express
,DEL-00206,ORD-00492,2/9/2024,Ninja Van
,DEL-00207,ORD-00476,1/24/2024,LBC Express
,DEL-00208,ORD-00329,3/14/2024,Grab Express
,DEL-00209,ORD-00267,1/24/2024,J&T Express
,DEL-00210,ORD-00372,2/17/2024,LBC Express
,DEL-00211,ORD-00576,3/12/2024,LBC Express
,DEL-00212,ORD-00643,1/11/2024,Grab Express
,DEL-00213,ORD-00273,1/8/2024,2GO Freight
,DEL-00214,ORD-00496,4/3/2024,Flash Express
,DEL-00215,ORD-00139,2/21/2024,Flash Express
,DEL-00216,ORD-00389,4/4/2024,Ninja Van
,DEL-00217,ORD-00159,3/22/2024,Flash Express
,DEL-00218,ORD-00585,2/1/2024,2GO Freight
,DEL-00219,ORD-00034,1/7/2024,J&T Express
,DEL-00220,ORD-00851,1/11/2024,Grab Express
,DEL-00221,ORD-00146,3/3/2024,2GO Freight
,DEL-00222,ORD-00634,1/11/2024,Grab Express
,DEL-00223,ORD-00770,1/25/2024,2GO Freight
,DEL-00224,ORD-00524,2/4/2024,Direct Delivery
,DEL-00225,ORD-00901,2/5/2024,Grab Express
,DEL-00226,ORD-00465,3/11/2024,Flash Express
,DEL-00227,ORD-00392,3/11/2024,Direct Delivery
,DEL-00228,ORD-00674,1/11/2024,QuadX
,DEL-00229,ORD-00568,3/22/2024,Flash Express
,DEL-00230,ORD-00247,4/2/2024,J&T Express
,DEL-00231,ORD-00105,3/25/2024,Direct Delivery
,DEL-00232,ORD-00402,3/25/2024,J&T Express
,DEL-00233,ORD-00055,3/11/2024,QuadX
,DEL-00234,ORD-00563,3/8/2024,2GO Freight
,DEL-00235,ORD-00835,3/11/2024,Grab Express
,DEL-00236,ORD-00451,3/22/2024,Grab Express
,DEL-00237,ORD-00124,3/10/2024,Ninja Van
,DEL-00238,ORD-00780,3/31/2024,LBC Express
,DEL-00239,ORD-00481,2/12/2024,QuadX
,DEL-00240,ORD-00180,4/1/2024,Ninja Van
,DEL-00241,ORD-00785,3/4/2024,J&T Express
,DEL-00242,ORD-00469,2/29/2024,Ninja Van
,DEL-00243,ORD-00704,2/20/2024,Flash Express
,DEL-00244,ORD-00221,1/14/2024,Grab Express
,DEL-00245,ORD-00204,2/4/2024,Ninja Van
,DEL-00246,ORD-00454,1/19/2024,Flash Express
,DEL-00247,ORD-00223,3/14/2024,Flash Express
,DEL-00248,ORD-00579,2/29/2024,Ninja Van
,DEL-00249,ORD-00672,2/2/2024,Flash Express
,DEL-00250,ORD-00597,1/16/2024,Ninja Van
,DEL-00251,ORD-00191,3/25/2024,QuadX
,DEL-00252,ORD-00030,2/22/2024,Ninja Van
,DEL-00253,ORD-00731,1/29/2024,Ninja Van
,DEL-00254,ORD-00716,3/8/2024,LBC Express
,DEL-00255,ORD-00177,3/16/2024,Flash Express
,DEL-00256,ORD-00822,1/21/2024,J&T Express
,DEL-00257,ORD-00591,1/17/2024,LBC Express
,DEL-00258,ORD-00581,2/1/2024,Ninja Van
,DEL-00259,ORD-00880,1/5/2024,J&T Express
,DEL-00260,ORD-00220,3/9/2024,Grab Express
,DEL-00261,ORD-00422,2/27/2024,Grab Express
,DEL-00262,ORD-00176,1/8/2024,LBC Express
,DEL-00263,ORD-00104,3/23/2024,QuadX
,DEL-00264,ORD-00438,2/21/2024,J&T Express
,DEL-00265,ORD-00335,3/13/2024,J&T Express
,DEL-00266,ORD-00723,2/9/2024,Flash Express
,DEL-00267,ORD-00600,2/21/2024,J&T Express
,DEL-00268,ORD-00078,1/10/2024,Flash Express
,DEL-00269,ORD-00656,2/9/2024,Direct Delivery
,DEL-00270,ORD-00831,2/3/2024,J&T Express
,DEL-00271,ORD-00242,3/8/2024,LBC Express
,DEL-00272,ORD-00761,3/4/2024,2GO Freight
,DEL-00273,ORD-00564,4/12/2024,Ninja Van
,DEL-00274,ORD-00820,2/12/2024,2GO Freight
,DEL-00275,ORD-00858,3/18/2024,Direct Delivery
,DEL-00276,ORD-00171,3/29/2024,J&T Express
,DEL-00277,ORD-00923,1/3/2024,Flash Express
,DEL-00278,ORD-00669,4/10/2024,LBC Express
,DEL-00279,ORD-00893,4/8/2024,Grab Express
,DEL-00280,ORD-00768,1/3/2024,Direct Delivery
,DEL-00281,ORD-00592,2/7/2024,Direct Delivery
,DEL-00282,ORD-00554,3/18/2024,Grab Express
,DEL-00283,ORD-00763,1/12/2024,Direct Delivery
,DEL-00284,ORD-00328,3/31/2024,LBC Express
,DEL-00285,ORD-00570,2/27/2024,Grab Express
,DEL-00286,ORD-00316,2/6/2024,J&T Express
,DEL-00287,ORD-00274,1/4/2024,Grab Express
,DEL-00288,ORD-00428,2/10/2024,J&T Express
,DEL-00289,ORD-00126,1/14/2024,Flash Express
,DEL-00290,ORD-00501,1/3/2024,QuadX
,DEL-00291,ORD-00760,2/13/2024,J&T Express
,DEL-00292,ORD-00907,3/21/2024,2GO Freight
,DEL-00293,ORD-00225,3/22/2024,QuadX
,DEL-00294,ORD-00166,3/9/2024,LBC Express
,DEL-00295,ORD-00403,4/10/2024,Flash Express
,DEL-00296,ORD-00297,2/25/2024,Flash Express
,DEL-00297,ORD-00254,3/13/2024,Ninja Van
,DEL-00298,ORD-00021,3/11/2024,Grab Express
,DEL-00299,ORD-00733,2/21/2024,QuadX
,DEL-00300,ORD-00874,1/4/2024,Flash Express
,DEL-00301,ORD-00268,2/27/2024,J&T Express
,DEL-00302,ORD-00260,3/10/2024,QuadX
,DEL-00303,ORD-00670,3/21/2024,J&T Express
,DEL-00304,ORD-00511,1/6/2024,Direct Delivery
,DEL-00305,ORD-00626,3/18/2024,Grab Express
,DEL-00306,ORD-00120,2/18/2024,QuadX
,DEL-00307,ORD-00185,1/12/2024,QuadX
,DEL-00308,ORD-00458,1/5/2024,Flash Express
,DEL-00309,ORD-00619,1/5/2024,J&T Express
,DEL-00310,ORD-00701,2/27/2024,Direct Delivery
,DEL-00311,ORD-00450,3/23/2024,Ninja Van
,DEL-00312,ORD-00003,1/4/2024,2GO Freight
,DEL-00313,ORD-00192,3/13/2024,LBC Express
,DEL-00314,ORD-00652,3/16/2024,Direct Delivery
,DEL-00315,ORD-00179,1/12/2024,QuadX
,DEL-00316,ORD-00715,2/14/2024,Direct Delivery
,DEL-00317,ORD-00927,3/1/2024,QuadX
,DEL-00318,ORD-00657,2/9/2024,J&T Express
,DEL-00319,ORD-00057,4/7/2024,Ninja Van
,DEL-00320,ORD-00340,2/9/2024,Grab Express
,DEL-00321,ORD-00253,1/26/2024,J&T Express
,DEL-00322,ORD-00611,3/12/2024,Ninja Van
,DEL-00323,ORD-00480,1/14/2024,Grab Express
,DEL-00324,ORD-00940,2/27/2024,2GO Freight
,DEL-00325,ORD-00510,1/23/2024,Ninja Van
,DEL-00326,ORD-00116,3/4/2024,Direct Delivery
,DEL-00327,ORD-00691,3/18/2024,J&T Express
,DEL-00328,ORD-00867,1/9/2024,2GO Freight
,DEL-00329,ORD-00726,4/5/2024,Direct Delivery
,DEL-00330,ORD-00908,1/19/2024,J&T Express
,DEL-00331,ORD-00594,3/13/2024,Direct Delivery
,DEL-00332,ORD-00939,2/9/2024,Direct Delivery
,DEL-00333,ORD-00753,1/8/2024,Direct Delivery
,DEL-00334,ORD-00249,4/11/2024,Ninja Van
,DEL-00335,ORD-00134,3/16/2024,Ninja Van
,DEL-00336,ORD-00153,2/18/2024,QuadX
,DEL-00337,ORD-00029,1/3/2024,LBC Express
,DEL-00338,ORD-00101,1/9/2024,J&T Express
,DEL-00339,ORD-00138,2/23/2024,Flash Express
,DEL-00340,ORD-00374,2/15/2024,Grab Express
,DEL-00341,ORD-00407,1/9/2024,QuadX
,DEL-00342,ORD-00056,1/30/2024,Ninja Van
,DEL-00343,ORD-00562,3/3/2024,Ninja Van
,DEL-00344,ORD-00193,1/23/2024,Direct Delivery
,DEL-00345,ORD-00921,4/12/2024,2GO Freight
,DEL-00346,ORD-00039,1/10/2024,J&T Express
,DEL-00347,ORD-00046,3/9/2024,Ninja Van
,DEL-00348,ORD-00272,3/31/2024,2GO Freight
,DEL-00349,ORD-00722,2/29/2024,Flash Express
,DEL-00350,ORD-00713,1/20/2024,Grab Express
,DEL-00351,ORD-00477,2/21/2024,Direct Delivery
,DEL-00352,ORD-00618,3/4/2024,J&T Express
,DEL-00353,ORD-00516,4/12/2024,Direct Delivery
,DEL-00354,ORD-00919,3/25/2024,LBC Express
,DEL-00355,ORD-00583,1/17/2024,Direct Delivery
,DEL-00356,ORD-00449,3/21/2024,Ninja Van
,DEL-00357,ORD-00358,3/2/2024,J&T Express
,DEL-00358,ORD-00216,3/27/2024,J&T Express
,DEL-00359,ORD-00942,1/26/2024,Grab Express
,DEL-00360,ORD-00941,4/7/2024,LBC Express
,DEL-00361,ORD-00366,2/18/2024,Flash Express
,DEL-00362,ORD-00190,2/28/2024,LBC Express
,DEL-00363,ORD-00676,3/15/2024,Ninja Van
,DEL-00364,ORD-00548,1/8/2024,LBC Express
,DEL-00365,ORD-00404,1/12/2024,Grab Express
,DEL-00366,ORD-00063,2/12/2024,LBC Express
,DEL-00367,ORD-00042,3/4/2024,2GO Freight
,DEL-00368,ORD-00207,3/26/2024,J&T Express
,DEL-00369,ORD-00018,3/16/2024,2GO Freight
,DEL-00370,ORD-00285,4/3/2024,Direct Delivery
,DEL-00371,ORD-00310,2/9/2024,Flash Express
,DEL-00372,ORD-00680,3/25/2024,Ninja Van
,DEL-00373,ORD-00398,3/15/2024,QuadX
,DEL-00374,ORD-00084,3/18/2024,Flash Express
,DEL-00375,ORD-00743,2/24/2024,Direct Delivery
,DEL-00376,ORD-00113,3/19/2024,2GO Freight
,DEL-00377,ORD-00472,3/3/2024,J&T Express
,DEL-00378,ORD-00069,4/5/2024,J&T Express
,DEL-00379,ORD-00356,4/4/2024,Ninja Van
,DEL-00380,ORD-00934,1/28/2024,2GO Freight
,DEL-00381,ORD-00593,3/11/2024,J&T Express
,DEL-00382,ORD-00096,4/10/2024,J&T Express
,DEL-00383,ORD-00024,2/5/2024,Direct Delivery
,DEL-00384,ORD-00615,1/22/2024,Direct Delivery
,DEL-00385,ORD-00799,3/14/2024,Grab Express
,DEL-00386,ORD-00936,3/30/2024,Ninja Van
,DEL-00387,ORD-00758,3/2/2024,2GO Freight
,DEL-00388,ORD-00775,4/12/2024,Direct Delivery
,DEL-00389,ORD-00681,2/4/2024,Flash Express
,DEL-00390,ORD-00706,1/22/2024,Grab Express
,DEL-00391,ORD-00948,1/10/2024,Grab Express
,DEL-00392,ORD-00284,2/6/2024,Grab Express
,DEL-00393,ORD-00727,4/7/2024,Grab Express
,DEL-00394,ORD-00198,1/27/2024,Flash Express
,DEL-00395,ORD-00059,2/4/2024,2GO Freight
,DEL-00396,ORD-00202,3/7/2024,Flash Express
,DEL-00397,ORD-00854,2/10/2024,Ninja Van
,DEL-00398,ORD-00767,2/1/2024,Grab Express
,DEL-00399,ORD-00482,3/23/2024,2GO Freight
,DEL-00400,ORD-00938,1/20/2024,LBC Express
,DEL-00401,ORD-00666,2/14/2024,LBC Express
,DEL-00402,ORD-00852,2/28/2024,2GO Freight
,DEL-00403,ORD-00837,1/9/2024,Grab Express
,DEL-00404,ORD-00118,2/29/2024,Direct Delivery
,DEL-00405,ORD-00149,1/13/2024,Direct Delivery
,DEL-00406,ORD-00408,1/23/2024,Flash Express
,DEL-00407,ORD-00050,1/26/2024,LBC Express
,DEL-00408,ORD-00155,1/7/2024,Direct Delivery
,DEL-00409,ORD-00156,2/13/2024,J&T Express
,DEL-00410,ORD-00853,3/6/2024,2GO Freight
,DEL-00411,ORD-00213,1/6/2024,J&T Express
,DEL-00412,ORD-00162,1/15/2024,J&T Express
,DEL-00413,ORD-00121,3/2/2024,Grab Express
,DEL-00414,ORD-00574,3/19/2024,LBC Express
,DEL-00415,ORD-00420,2/14/2024,2GO Freight
,DEL-00416,ORD-00478,2/28/2024,Grab Express
,DEL-00417,ORD-00143,3/30/2024,Ninja Van
,DEL-00418,ORD-00718,3/24/2024,LBC Express
,DEL-00419,ORD-00547,4/3/2024,Direct Delivery
,DEL-00420,ORD-00092,2/12/2024,2GO Freight
,DEL-00421,ORD-00541,1/13/2024,Ninja Van
,DEL-00422,ORD-00625,1/13/2024,Ninja Van
,DEL-00423,ORD-00752,2/28/2024,Direct Delivery
,DEL-00424,ORD-00413,3/15/2024,Direct Delivery
,DEL-00425,ORD-00108,1/10/2024,LBC Express
,DEL-00426,ORD-00804,2/25/2024,LBC Express
,DEL-00427,ORD-00747,2/12/2024,J&T Express
,DEL-00428,ORD-00043,1/30/2024,Ninja Van
,DEL-00429,ORD-00714,3/26/2024,2GO Freight
,DEL-00430,ORD-00033,3/24/2024,Direct Delivery
,DEL-00431,ORD-00739,2/28/2024,2GO Freight
,DEL-00432,ORD-00872,3/6/2024,J&T Express
,DEL-00433,ORD-00352,2/28/2024,Flash Express
,DEL-00434,ORD-00595,1/19/2024,QuadX
,DEL-00435,ORD-00255,3/13/2024,LBC Express
,DEL-00436,ORD-00203,4/2/2024,Direct Delivery
,DEL-00437,ORD-00624,1/6/2024,Flash Express
,DEL-00438,ORD-00038,4/8/2024,J&T Express
,DEL-00439,ORD-00301,1/4/2024,Grab Express
,DEL-00440,ORD-00293,3/29/2024,Flash Express
,DEL-00441,ORD-00099,4/10/2024,LBC Express
,DEL-00442,ORD-00818,3/31/2024,J&T Express
,DEL-00443,ORD-00937,2/7/2024,Direct Delivery
,DEL-00444,ORD-00173,1/7/2024,Flash Express
,DEL-00445,ORD-00107,1/8/2024,2GO Freight
,DEL-00446,ORD-00275,1/12/2024,2GO Freight
,DEL-00447,ORD-00805,3/21/2024,J&T Express
,DEL-00448,ORD-00931,3/26/2024,Direct Delivery
,DEL-00449,ORD-00531,3/21/2024,Ninja Van
,DEL-00450,ORD-00234,2/17/2024,Direct Delivery
,DEL-00451,ORD-00698,4/8/2024,Flash Express
,DEL-00452,ORD-00517,3/30/2024,Direct Delivery
,DEL-00453,ORD-00651,1/8/2024,Direct Delivery
,DEL-00454,ORD-00416,1/12/2024,LBC Express
,DEL-00455,ORD-00543,2/24/2024,QuadX
,DEL-00456,ORD-00578,3/16/2024,LBC Express
,DEL-00457,ORD-00742,1/5/2024,Grab Express
,DEL-00458,ORD-00054,2/26/2024,LBC Express
,DEL-00459,ORD-00077,3/12/2024,Grab Express
,DEL-00460,ORD-00802,2/28/2024,QuadX
,DEL-00461,ORD-00719,1/8/2024,Flash Express
,DEL-00462,ORD-00145,3/7/2024,2GO Freight
,DEL-00463,ORD-00091,3/30/2024,Ninja Van
,DEL-00464,ORD-00052,1/30/2024,Flash Express
,DEL-00465,ORD-00047,2/8/2024,2GO Freight
,DEL-00466,ORD-00891,4/1/2024,Direct Delivery
,DEL-00467,ORD-00012,1/31/2024,LBC Express
,DEL-00468,ORD-00405,2/22/2024,QuadX
,DEL-00469,ORD-00286,2/20/2024,Ninja Van
,DEL-00470,ORD-00350,2/13/2024,LBC Express
,DEL-00471,ORD-00883,1/23/2024,Direct Delivery
,DEL-00472,ORD-00321,1/4/2024,J&T Express
,DEL-00473,ORD-00766,1/30/2024,Grab Express
,DEL-00474,ORD-00729,2/4/2024,Ninja Van
,DEL-00475,ORD-00473,1/26/2024,2GO Freight
,DEL-00476,ORD-00507,3/1/2024,2GO Freight
,DEL-00477,ORD-00441,3/17/2024,LBC Express
,DEL-00478,ORD-00005,1/26/2024,Ninja Van
,DEL-00479,ORD-00296,1/31/2024,2GO Freight
,DEL-00480,ORD-00498,1/15/2024,J&T Express
,DEL-00481,ORD-00168,4/6/2024,LBC Express
,DEL-00482,ORD-00573,1/8/2024,Grab Express
,DEL-00483,ORD-00745,3/29/2024,LBC Express
,DEL-00484,ORD-00911,2/3/2024,LBC Express
,DEL-00485,ORD-00781,4/9/2024,Grab Express
,DEL-00486,ORD-00607,2/4/2024,Flash Express
,DEL-00487,ORD-00066,1/22/2024,J&T Express
,DEL-00488,ORD-00771,2/21/2024,Grab Express
,DEL-00489,ORD-00431,1/31/2024,Ninja Van
,DEL-00490,ORD-00690,1/3/2024,2GO Freight
,DEL-00491,ORD-00303,2/14/2024,QuadX
,DEL-00492,ORD-00100,4/8/2024,QuadX
,DEL-00493,ORD-00746,3/15/2024,Ninja Van
,DEL-00494,ORD-00892,1/24/2024,Grab Express
,DEL-00495,ORD-00188,1/24/2024,Grab Express
,DEL-00496,ORD-00711,2/1/2024,Flash Express
,DEL-00497,ORD-00945,3/28/2024,Ninja Van
,DEL-00498,ORD-00508,1/4/2024,Ninja Van
,DEL-00499,ORD-00430,2/19/2024,Direct Delivery
,DEL-00500,ORD-00788,1/26/2024,J&T Express
,DEL-00501,ORD-00732,3/2/2024,QuadX
,DEL-00502,ORD-00415,3/31/2024,Ninja Van
,DEL-00503,ORD-00380,2/28/2024,J&T Express
,DEL-00504,ORD-00377,2/16/2024,Ninja Van
,DEL-00505,ORD-00336,4/3/2024,LBC Express
,DEL-00506,ORD-00001,1/27/2024,Grab Express
,DEL-00507,ORD-00694,1/24/2024,J&T Express
,DEL-00508,ORD-00110,3/20/2024,Ninja Van
,DEL-00509,ORD-00367,2/17/2024,J&T Express
,DEL-00510,ORD-00342,3/16/2024,QuadX
,DEL-00511,ORD-00830,1/3/2024,Direct Delivery
,DEL-00512,ORD-00749,1/15/2024,Grab Express
,DEL-00513,ORD-00696,4/10/2024,J&T Express
,DEL-00514,ORD-00464,2/27/2024,Flash Express
,DEL-00515,ORD-00399,2/19/2024,Direct Delivery
,DEL-00516,ORD-00778,3/13/2024,J&T Express
,DEL-00517,ORD-00299,3/18/2024,Direct Delivery
,DEL-00518,ORD-00920,4/7/2024,QuadX
,DEL-00519,ORD-00915,3/3/2024,Ninja Van
,DEL-00520,ORD-00463,3/31/2024,J&T Express
,DEL-00521,ORD-00495,3/14/2024,LBC Express
,DEL-00522,ORD-00544,1/9/2024,Direct Delivery
,DEL-00523,ORD-00599,3/4/2024,Flash Express
,DEL-00524,ORD-00233,3/13/2024,Grab Express
,DEL-00525,ORD-00774,1/22/2024,QuadX
,DEL-00526,ORD-00073,3/8/2024,2GO Freight
,DEL-00527,ORD-00621,2/11/2024,LBC Express
,DEL-00528,ORD-00098,1/15/2024,Ninja Van
,DEL-00529,ORD-00218,4/4/2024,QuadX
,DEL-00530,ORD-00184,1/3/2024,LBC Express
,DEL-00531,ORD-00282,3/13/2024,Flash Express
,DEL-00532,ORD-00470,2/9/2024,Ninja Van
,DEL-00533,ORD-00277,2/1/2024,Ninja Van
,DEL-00534,ORD-00456,1/22/2024,LBC Express
,DEL-00535,ORD-00199,1/14/2024,2GO Freight
,DEL-00536,ORD-00158,3/5/2024,2GO Freight
,DEL-00537,ORD-00391,1/30/2024,Ninja Van
,DEL-00538,ORD-00067,3/10/2024,J&T Express
,DEL-00539,ORD-00789,2/25/2024,Direct Delivery
,DEL-00540,ORD-00014,3/20/2024,Flash Express
,DEL-00541,ORD-00525,1/4/2024,Ninja Van
,DEL-00542,ORD-00605,3/23/2024,LBC Express
,DEL-00543,ORD-00381,1/7/2024,Flash Express
,DEL-00544,ORD-00838,2/7/2024,Ninja Van
,DEL-00545,ORD-00080,1/19/2024,Ninja Van
,DEL-00546,ORD-00411,2/28/2024,QuadX
,DEL-00547,ORD-00425,1/19/2024,J&T Express
,DEL-00548,ORD-00800,2/19/2024,Flash Express
,DEL-00549,ORD-00028,4/11/2024,Ninja Van
,DEL-00550,ORD-00217,1/14/2024,Grab Express
,DEL-00551,ORD-00064,1/9/2024,Grab Express
,DEL-00552,ORD-00558,2/22/2024,Flash Express
,DEL-00553,ORD-00866,3/30/2024,LBC Express
,DEL-00554,ORD-00083,4/3/2024,Flash Express
,DEL-00555,ORD-00246,2/28/2024,QuadX
,DEL-00556,ORD-00530,2/17/2024,Grab Express
,DEL-00557,ORD-00914,1/15/2024,Flash Express
,DEL-00558,ORD-00654,4/10/2024,J&T Express
,DEL-00559,ORD-00534,1/5/2024,Ninja Van
,DEL-00560,ORD-00031,1/14/2024,Grab Express
,DEL-00561,ORD-00086,3/30/2024,J&T Express
,DEL-00562,ORD-00307,2/10/2024,Grab Express
,DEL-00563,ORD-00318,3/20/2024,LBC Express
,DEL-00564,ORD-00032,1/23/2024,Flash Express
,DEL-00565,ORD-00227,4/12/2024,LBC Express
,DEL-00566,ORD-00369,2/3/2024,2GO Freight
,DEL-00567,ORD-00705,3/22/2024,Grab Express
,DEL-00568,ORD-00869,1/23/2024,Ninja Van
,DEL-00569,ORD-00509,1/13/2024,Flash Express
,DEL-00570,ORD-00219,2/25/2024,QuadX
,DEL-00571,ORD-00815,3/7/2024,LBC Express
,DEL-00572,ORD-00484,2/23/2024,Direct Delivery
,DEL-00573,ORD-00212,2/25/2024,Grab Express
,DEL-00574,ORD-00117,4/8/2024,LBC Express
,DEL-00575,ORD-00444,2/1/2024,Grab Express
,DEL-00576,ORD-00876,1/13/2024,Grab Express
,DEL-00577,ORD-00489,2/18/2024,LBC Express
,DEL-00578,ORD-00895,3/17/2024,2GO Freight
,DEL-00579,ORD-00685,4/9/2024,2GO Freight
,DEL-00580,ORD-00769,3/26/2024,LBC Express
,DEL-00581,ORD-00689,2/27/2024,Grab Express
,DEL-00582,ORD-00764,3/30/2024,2GO Freight
,DEL-00583,ORD-00616,4/10/2024,Flash Express
,DEL-00584,ORD-00082,1/31/2024,Grab Express
,DEL-00585,ORD-00351,1/4/2024,2GO Freight
,DEL-00586,ORD-00324,3/20/2024,Grab Express
,DEL-00587,ORD-00740,3/1/2024,Flash Express
,DEL-00588,ORD-00004,1/24/2024,Grab Express
,DEL-00589,ORD-00114,2/27/2024,J&T Express
,DEL-00590,ORD-00360,2/9/2024,Ninja Van
,DEL-00591,ORD-00466,1/30/2024,Grab Express
,DEL-00592,ORD-00017,1/20/2024,Direct Delivery
,DEL-00593,ORD-00128,3/14/2024,Direct Delivery
,DEL-00594,ORD-00754,3/29/2024,Ninja Van
,DEL-00595,ORD-00400,3/29/2024,LBC Express
,DEL-00596,ORD-00462,4/6/2024,QuadX
,DEL-00597,ORD-00665,3/30/2024,J&T Express
,DEL-00598,ORD-00610,3/22/2024,Grab Express
,DEL-00599,ORD-00208,3/24/2024,Flash Express
,DEL-00600,ORD-00894,2/11/2024,J&T Express
,DEL-00601,ORD-00289,3/19/2024,Grab Express
,DEL-00602,ORD-00667,1/31/2024,Flash Express
,DEL-00603,ORD-00232,2/15/2024,Flash Express
,DEL-00604,ORD-00189,4/4/2024,2GO Freight
,DEL-00605,ORD-00401,1/26/2024,Direct Delivery
,DEL-00606,ORD-00499,1/10/2024,Direct Delivery
,DEL-00607,ORD-00319,2/2/2024,Flash Express
,DEL-00608,ORD-00949,2/5/2024,Flash Express
,DEL-00609,ORD-00589,1/7/2024,Flash Express
,DEL-00610,ORD-00386,1/13/2024,Direct Delivery
,DEL-00611,ORD-00448,3/28/2024,QuadX
,DEL-00612,ORD-00636,1/6/2024,Direct Delivery
,DEL-00613,ORD-00700,2/6/2024,Direct Delivery
,DEL-00614,ORD-00485,3/2/2024,Grab Express
,DEL-00615,ORD-00432,3/15/2024,2GO Freight
,DEL-00616,ORD-00089,2/14/2024,QuadX
,DEL-00617,ORD-00127,3/18/2024,2GO Freight
,DEL-00618,ORD-00129,4/10/2024,Direct Delivery
,DEL-00619,ORD-00825,2/18/2024,Flash Express
,DEL-00620,ORD-00371,2/19/2024,QuadX
,DEL-00621,ORD-00849,2/6/2024,Grab Express
,DEL-00622,ORD-00741,4/5/2024,Grab Express
,DEL-00623,ORD-00237,1/11/2024,Grab Express
,DEL-00624,ORD-00708,2/7/2024,Ninja Van
,DEL-00625,ORD-00002,1/25/2024,Direct Delivery
,DEL-00626,ORD-00827,2/19/2024,LBC Express
,DEL-00627,ORD-00023,4/1/2024,LBC Express
,DEL-00628,ORD-00693,2/14/2024,2GO Freight
,DEL-00629,ORD-00565,1/14/2024,Direct Delivery
,DEL-00630,ORD-00553,4/9/2024,Grab Express
,DEL-00631,ORD-00264,1/21/2024,Direct Delivery
,DEL-00632,ORD-00637,2/19/2024,Grab Express
,DEL-00633,ORD-00020,2/10/2024,QuadX
,DEL-00634,ORD-00506,1/17/2024,Flash Express
,DEL-00635,ORD-00823,3/1/2024,2GO Freight
,DEL-00636,ORD-00798,2/2/2024,Direct Delivery
,DEL-00637,ORD-00559,4/3/2024,J&T Express
,DEL-00638,ORD-00861,1/26/2024,Grab Express
,DEL-00639,ORD-00487,2/8/2024,LBC Express
,DEL-00640,ORD-00231,2/5/2024,Flash Express
,DEL-00641,ORD-00783,1/23/2024,Grab Express
,DEL-00642,ORD-00813,1/17/2024,2GO Freight
,DEL-00643,ORD-00486,2/12/2024,2GO Freight
,DEL-00644,ORD-00671,4/3/2024,LBC Express
,DEL-00645,ORD-00397,3/15/2024,Grab Express
,DEL-00646,ORD-00903,3/27/2024,QuadX
,DEL-00647,ORD-00265,1/16/2024,LBC Express
,DEL-00648,ORD-00022,3/11/2024,J&T Express
,DEL-00649,ORD-00946,3/10/2024,Direct Delivery
,DEL-00650,ORD-00504,1/21/2024,J&T Express
,DEL-00651,ORD-00304,2/19/2024,QuadX
,DEL-00652,ORD-00429,3/14/2024,2GO Freight
,DEL-00653,ORD-00417,1/23/2024,Flash Express
,DEL-00654,ORD-00230,3/27/2024,2GO Freight
,DEL-00655,ORD-00331,1/25/2024,Grab Express
,DEL-00656,ORD-00076,3/1/2024,2GO Freight
,DEL-00657,ORD-00016,3/30/2024,QuadX
,DEL-00658,ORD-00609,1/17/2024,QuadX
,DEL-00659,ORD-00384,3/25/2024,Ninja Van
,DEL-00660,ORD-00916,3/25/2024,LBC Express
,DEL-00661,ORD-00860,3/10/2024,Grab Express
,DEL-00662,ORD-00383,2/15/2024,Ninja Van
,DEL-00663,ORD-00613,2/28/2024,QuadX
,DEL-00664,ORD-00261,1/19/2024,Grab Express
,DEL-00665,ORD-00631,3/30/2024,Direct Delivery
,DEL-00666,ORD-00210,1/27/2024,Flash Express
,DEL-00667,ORD-00897,1/3/2024,J&T Express
,DEL-00668,ORD-00053,1/10/2024,LBC Express
,DEL-00669,ORD-00500,3/23/2024,Direct Delivery
,DEL-00670,ORD-00560,1/22/2024,QuadX
,DEL-00671,ORD-00845,1/11/2024,LBC Express
,DEL-00672,ORD-00777,2/13/2024,LBC Express
,DEL-00673,ORD-00675,1/6/2024,Ninja Van
,DEL-00674,ORD-00870,3/30/2024,Ninja Van
,DEL-00675,ORD-00678,1/19/2024,J&T Express
,DEL-00676,ORD-00677,1/26/2024,Direct Delivery
,DEL-00677,ORD-00644,3/27/2024,Flash Express
,DEL-00678,ORD-00702,2/26/2024,LBC Express
,DEL-00679,ORD-00309,2/10/2024,Flash Express
,DEL-00680,ORD-00252,3/31/2024,J&T Express
,DEL-00681,ORD-00889,1/30/2024,Grab Express
,DEL-00682,ORD-00833,3/23/2024,J&T Express
,DEL-00683,ORD-00206,1/24/2024,LBC Express
,DEL-00684,ORD-00896,1/18/2024,Flash Express
,DEL-00685,ORD-00556,3/22/2024,Direct Delivery
,DEL-00686,ORD-00288,4/2/2024,Ninja Van
,DEL-00687,ORD-00013,4/11/2024,Grab Express
,DEL-00688,ORD-00355,4/4/2024,LBC Express
,DEL-00689,ORD-00327,3/25/2024,Ninja Van
,DEL-00690,ORD-00094,4/4/2024,QuadX
,DEL-00691,ORD-00623,2/3/2024,Direct Delivery
,DEL-00692,ORD-00748,4/4/2024,Direct Delivery
,DEL-00693,ORD-00229,2/17/2024,Flash Express
,DEL-00694,ORD-00545,1/21/2024,Ninja Van
,DEL-00695,ORD-00514,3/24/2024,QuadX
,DEL-00696,ORD-00679,4/1/2024,Flash Express
,DEL-00697,ORD-00375,3/20/2024,Ninja Van
,DEL-00698,ORD-00620,2/8/2024,Direct Delivery
,DEL-00699,ORD-00779,3/3/2024,Flash Express
,DEL-00700,ORD-00283,2/17/2024,Flash Express
,DEL-00701,ORD-00322,2/1/2024,Grab Express
,DEL-00702,ORD-00144,1/14/2024,Direct Delivery
,DEL-00703,ORD-00326,3/3/2024,Grab Express
,DEL-00704,ORD-00390,1/9/2024,QuadX
,DEL-00705,ORD-00051,3/8/2024,Ninja Van
,DEL-00706,ORD-00566,3/20/2024,QuadX
,DEL-00707,ORD-00650,1/18/2024,Ninja Van
,DEL-00708,ORD-00793,1/28/2024,Grab Express
,DEL-00709,ORD-00497,1/15/2024,LBC Express
,DEL-00710,ORD-00881,1/18/2024,Ninja Van
,DEL-00711,ORD-00542,1/15/2024,Direct Delivery
,DEL-00712,ORD-00688,3/13/2024,Flash Express
,DEL-00713,ORD-00418,3/29/2024,Ninja Van
,DEL-00714,ORD-00211,1/14/2024,QuadX
,DEL-00715,ORD-00518,3/23/2024,Grab Express
,DEL-00716,ORD-00575,4/9/2024,2GO Freight
,DEL-00717,ORD-00437,2/5/2024,Grab Express
,DEL-00718,ORD-00796,1/28/2024,Direct Delivery
,DEL-00719,ORD-00112,4/8/2024,2GO Freight
,DEL-00720,ORD-00817,1/21/2024,Flash Express
,DEL-00721,ORD-00810,3/31/2024,Ninja Van
,DEL-00722,ORD-00314,1/23/2024,LBC Express
,DEL-00723,ORD-00280,1/16/2024,2GO Freight
,DEL-00724,ORD-00409,1/22/2024,Direct Delivery
,DEL-00725,ORD-00814,3/28/2024,Ninja Van
,DEL-00726,ORD-00488,3/28/2024,Ninja Van
,DEL-00727,ORD-00150,4/5/2024,Direct Delivery
,DEL-00728,ORD-00520,1/10/2024,Grab Express
,DEL-00729,ORD-00857,3/22/2024,Direct Delivery
,DEL-00730,ORD-00062,2/19/2024,LBC Express
,DEL-00731,ORD-00627,2/3/2024,QuadX
,DEL-00732,ORD-00036,2/3/2024,J&T Express
,DEL-00733,ORD-00455,3/25/2024,J&T Express
,DEL-00734,ORD-00879,1/10/2024,2GO Freight
,DEL-00735,ORD-00744,3/30/2024,QuadX
,DEL-00736,ORD-00263,1/16/2024,Flash Express
,DEL-00737,ORD-00015,3/5/2024,Direct Delivery
,DEL-00738,ORD-00709,3/14/2024,2GO Freight
,DEL-00739,ORD-00239,1/18/2024,Direct Delivery
,DEL-00740,ORD-00317,1/4/2024,J&T Express
,DEL-00741,ORD-00935,4/11/2024,Grab Express
,DEL-00742,ORD-00026,2/23/2024,LBC Express
,DEL-00743,ORD-00406,4/12/2024,2GO Freight
,DEL-00744,ORD-00551,2/23/2024,Flash Express
,DEL-00745,ORD-00161,4/4/2024,QuadX
,DEL-00746,ORD-00151,2/18/2024,Grab Express
,DEL-00747,ORD-00549,2/12/2024,2GO Freight
,DEL-00748,ORD-00194,3/3/2024,LBC Express
,DEL-00749,ORD-00582,2/12/2024,2GO Freight
,DEL-00750,ORD-00834,1/12/2024,Ninja Van
,DEL-00751,ORD-00320,3/27/2024,J&T Express
,DEL-00752,ORD-00115,1/14/2024,Grab Express
,DEL-00753,ORD-00580,2/6/2024,J&T Express
,DEL-00754,ORD-00125,3/15/2024,Direct Delivery
,DEL-00755,ORD-00278,2/26/2024,2GO Freight
,DEL-00756,ORD-00645,3/15/2024,J&T Express
,DEL-00757,ORD-00877,4/4/2024,Grab Express
,DEL-00758,ORD-00826,1/30/2024,Direct Delivery
,DEL-00759,ORD-00010,3/13/2024,QuadX
,DEL-00760,ORD-00673,1/26/2024,LBC Express
,DEL-00761,ORD-00419,1/3/2024,Ninja Van
,DEL-00762,ORD-00068,2/4/2024,Ninja Van
,DEL-00763,ORD-00588,1/23/2024,LBC Express
,DEL-00764,ORD-00479,3/22/2024,QuadX
,DEL-00765,ORD-00641,1/20/2024,J&T Express
,DEL-00766,ORD-00738,2/11/2024,J&T Express
,DEL-00767,ORD-00899,3/16/2024,Flash Express
,DEL-00768,ORD-00886,4/3/2024,Grab Express
,DEL-00769,ORD-00446,2/23/2024,QuadX
,DEL-00770,ORD-00794,3/15/2024,QuadX
,DEL-00771,ORD-00839,1/7/2024,QuadX
,DEL-00772,ORD-00070,1/12/2024,Ninja Van
,DEL-00773,ORD-00361,3/5/2024,QuadX
,DEL-00774,ORD-00445,1/13/2024,Ninja Van
,DEL-00775,ORD-00081,2/28/2024,Grab Express
,DEL-00776,ORD-00435,4/9/2024,LBC Express
,DEL-00777,ORD-00196,2/15/2024,QuadX
,DEL-00778,ORD-00262,3/12/2024,Grab Express
,DEL-00779,ORD-00442,2/2/2024,Flash Express
